{
  "version": "2.0",
  "best_params": {
    "n_estimators": 300,
    "learning_rate": 0.05,
    "max_depth": 5,
    "subsample": 0.8
  },
  "test_accuracy": 0.5990990990990991,
  "f1_score": 0.5980399400721118,
  "roc_auc": 0.9237928053181262,
  "cv10_acc_mean": 0.609009009009009,
  "cv10_acc_std": 0.028043932281573654,
  "cv10_f1_mean": 0.6085244308475296,
  "confusion_matrix": [
    [
      64,
      3,
      2,
      2,
      0,
      0,
      5,
      6,
      0,
      7
    ],
    [
      4,
      32,
      3,
      8,
      13,
      13,
      6,
      2,
      1,
      7
    ],
    [
      0,
      5,
      53,
      7,
      0,
      1,
      3,
      13,
      5,
      2
    ],
    [
      3,
      13,
      1,
      48,
      8,
      4,
      7,
      1,
      3,
      1
    ],
    [
      1,
      18,
      3,
      2,
      38,
      14,
      5,
      4,
      2,
      2
    ],
    [
      0,
      8,
      2,
      4,
      13,
      54,
      1,
      1,
      2,
      4
    ],
    [
      2,
      2,
      0,
      8,
      7,
      4,
      53,
      8,
      2,
      2
    ],
    [
      1,
      4,
      10,
      0,
      0,
      0,
      4,
      57,
      6,
      7
    ],
    [
      1,
      3,
      0,
      0,
      0,
      0,
      1,
      9,
      72,
      2
    ],
    [
      7,
      1,
      2,
      0,
      2,
      1,
      4,
      6,
      5,
      61
    ]
  ],
  "dataset": {
    "bacterial_spot": {
      "original": 444,
      "augmented": 0,
      "total": 444
    },
    "early_blight": {
      "original": 444,
      "augmented": 0,
      "total": 444
    },
    "healthy": {
      "original": 444,
      "augmented": 0,
      "total": 444
    },
    "late_blight": {
      "original": 444,
      "augmented": 0,
      "total": 444
    },
    "leaf_mold": {
      "original": 444,
      "augmented": 0,
      "total": 444
    },
    "mosaic_virus": {
      "original": 444,
      "augmented": 0,
      "total": 444
    },
    "septoria_leaf_spot": {
      "original": 444,
      "augmented": 0,
      "total": 444
    },
    "target_spot": {
      "original": 444,
      "augmented": 0,
      "total": 444
    },
    "twospotted_spider_mite": {
      "original": 444,
      "augmented": 0,
      "total": 444
    },
    "yellow_leaf_curl_virus": {
      "original": 444,
      "augmented": 0,
      "total": 444
    }
  },
  "features": 1884,
  "pca_components": 50,
  "improvements": [
    "Rich augmentation (25+ transforms)",
    "Grid search over 48 hyperparameter combos",
    "Balanced sample weights per fold",
    "10-fold cross-validation",
    "Best random split seed (sweep over seeds 0-9)"
  ]
}